<patternlist>
  <patternpairs totalbits="32" postbits="16">
    <prepatterns>
      <data>0x4e800020 </data> <!-- BLR -->
      <data>010010.. 0x.. 0x.. ......00 </data> <!-- B xxxxx -->
    </prepatterns>
    <postpatterns>
      <data>0x7c2c0b78 0x38 0x21 ........ ........ 0x91810000 </data> <!--  or r12,r1,r1; stw r12,0x0(r1) -->
      <codeboundary />              <!-- it is at least code -->
      <possiblefuncstart/>
    </postpatterns>
  </patternpairs>
  <patternpairs totalbits="32" postbits="16">
    <prepatterns>
      <data>010010.. 0x.. 0x.. ......00 </data> <!-- B xxxxx -->
    </prepatterns>
    <postpatterns>
     <data>0x7c2c0b78 0x38 0x21 ........ ........ 0x91810000 </data> <!--  or r12,r1,r1; stw r12,0x0(r1) -->
     <codeboundary />              <!-- it is at least code -->
     <possiblefuncstart/>
    </postpatterns>
  </patternpairs>
  <pattern>
      <data>........ ........ ........ ........ 01111100 00001000 00000010 10100110 </data> <!-- CELL -->
      <possiblefuncstart/>
  </pattern>
</patternlist>
